{
    "normals":[-0.011414,0.997192,-0.073672,0.0553,0.906613,-0.418256,-0.578021,0.74868,-0.324503,-0.476028,0.876919,0.066012,-0.413831,-0.028718,-0.909879,-0.963012,-0.166936,-0.211432,-0.059572,0.592059,-0.803674,-0.791955,-0.452284,0.410108,-0.940916,0.238563,0.240272,-0.222419,-0.953185,0.204749,-0.35136,-0.825312,0.441969,-0.517533,-0.839778,0.163976,0.200995,-0.921354,0.332652,-0.247261,-0.757683,0.603931,0.030457,-0.979705,0.198035,-0.696524,-0.153142,0.700949,-0.640675,0.634175,0.432783,-0.38316,0.564074,0.731407,-0.147038,0.941588,0.302866,-0.384289,-0.178137,0.90585,0.128452,0.45146,0.882962,0.254738,0.955412,0.149174,0.432203,0.886563,-0.164892,0.072176,-0.563158,0.823145,0.504227,0.558519,-0.65862,0.729179,0.545946,-0.412549,0.95291,-0.142979,-0.267342,0.723838,-0.0889,-0.684194,0.637623,0.669607,0.380779,0.604419,-0.147954,0.782769,0.955931,0.253243,0.148442,0.699118,-0.650716,0.296274,0.513657,-0.84817,-0.129276,0.504166,-0.739128,-0.446577,0.385113,0.83813,-0.386273,0.048769,-0.629048,-0.775811,0.422254,0.116184,-0.898984,-0.028169,-0.983215,-0.180181,-0.653951,-0.630482,-0.418104,-0.612415,0.14713,-0.776696,-0.966704,-0.205695,-0.152043,-0.568377,0.761711,-0.310923,-0.065249,0.561907,-0.82461,0.177709,0.805719,-0.564959,-0.747276,-0.523698,0.408979,-0.95587,0.163579,0.243904,-0.437391,-0.883267,0.168767,-0.359447,-0.834346,0.41789,-0.049928,0.979278,-0.196204,-0.493027,0.865474,0.088412,-0.684713,-0.14423,0.714377,-0.653005,0.624104,0.428938,0.03885,0.986572,0.158544,0.226569,0.93234,-0.281747,-0.423139,0.727653,0.539842,-0.249641,-0.757714,0.602924,0.19779,-0.922513,0.331339,0.003937,-0.981628,0.19068,-0.043794,0.62096,0.782586,-0.432752,-0.118168,0.893704,0.407697,0.031861,0.912534,0.658956,0.632099,0.407666,0.394696,0.909207,-0.13242,0.074984,-0.590808,0.803308,0.582904,0.593463,-0.554949,0.742668,0.557421,-0.371075,0.941801,-0.205512,-0.26603,0.700766,-0.062471,-0.710624,0.951292,0.237159,0.196844,0.703085,-0.63506,0.319926,0.485153,-0.869594,-0.091586,0.637013,-0.648823,-0.41615,0.375622,-0.567492,-0.732688,-0.126377,-0.986785,-0.101321,0.17655,-0.933164,-0.313059,0.386151,0.195837,-0.901364,-0.131962,-0.461623,-0.877194,-0.623951,-0.684408,-0.377148],
    "name":"Sphere.012Geometry.8",
    "metadata":{
        "normals":78,
        "materials":1,
        "colors":0,
        "version":3,
        "generator":"io_three",
        "type":"Geometry",
        "vertices":78,
        "uvs":0,
        "faces":141
    },
    "materials":[{
        "shading":"phong",
        "colorEmissive":[0,0,0],
        "vertexColors":false,
        "colorSpecular":[0.5,0.5,0.5],
        "doubleSided":true,
        "wireframe":false,
        "DbgColor":15658734,
        "visible":true,
        "colorDiffuse":[0.609017,0.353452,0.144174],
        "DbgIndex":0,
        "opacity":1,
        "blending":"NormalBlending",
        "transparent":false,
        "depthTest":true,
        "specularCoef":50,
        "depthWrite":true,
        "DbgName":"SkinColor"
    }],
    "colors":[],
    "vertices":[-0.481056,4.80545,2.88577,-0.364597,4.67332,3.00587,-0.514993,4.69472,2.9738,-0.555437,4.70452,2.88728,-0.483857,4.59872,2.83247,-0.541325,4.56289,2.94032,-0.457812,4.51803,3.02074,-0.521135,4.53986,2.89321,-0.427132,4.41021,3.00705,-0.277414,4.45287,3.05501,-0.391101,4.32898,2.93905,-0.243638,4.22522,2.95205,-0.261124,4.24585,3.00838,-0.249337,4.30387,3.04418,-0.11872,4.19926,2.98969,-0.126914,4.21198,2.91966,-0.131961,4.31005,3.03781,-0.243415,4.27894,2.88068,-0.052773,4.25168,2.99286,-0.063499,4.21744,2.95209,-0.118856,4.41403,3.02879,-0.038541,4.30575,2.89182,-0.015823,4.29839,2.96167,-0.117931,4.3315,2.84924,-0.342554,4.39888,2.84161,-0.027947,4.43652,2.91265,-0.065944,4.47915,2.9646,-0.113448,4.48488,2.82821,-0.219063,4.43362,2.81241,-0.196882,4.65212,2.82773,-0.182685,4.6757,2.88991,-0.225886,4.6878,2.94968,-0.36737,4.67779,2.79481,-0.183602,4.55896,3.00917,-0.327622,4.77769,2.89689,-0.412578,4.7919,2.83987,-0.370736,4.5201,2.81003,-0.518488,4.75123,2.85609,-0.444346,4.79093,2.92928,-0.63792,4.64281,2.96631,-0.47198,4.57246,3.04958,-0.64515,4.55206,3.04325,-0.685594,4.56186,2.95673,-0.482354,4.42663,3.10598,-0.673472,4.42373,3.00574,-0.58797,4.37537,3.09018,-0.635468,4.3811,2.9538,-0.557288,4.26755,3.0765,-0.521259,4.18632,3.0085,-0.438775,4.15729,3.09448,-0.374331,4.40767,3.0998,-0.373794,4.08256,3.0215,-0.334048,4.18246,3.12358,-0.257072,4.06932,2.98911,-0.28884,4.06835,3.07853,-0.373579,4.13628,2.95013,-0.182931,4.10901,3.06231,-0.220362,4.0548,3.03262,-0.168698,4.16309,2.96127,-0.145981,4.15573,3.03112,-0.254675,4.25836,3.10267,-0.248086,4.18884,2.91869,-0.160093,4.29736,2.97807,-0.187084,4.3185,3.03958,-0.243606,4.34222,2.89766,-0.369939,4.30144,2.87884,-0.274287,4.45004,2.91134,-0.514052,4.52073,2.86427,-0.312842,4.53304,2.95937,-0.305171,4.48384,3.03546,-0.45208,4.55638,2.87422,-0.440294,4.61439,2.91001,-0.457779,4.63503,2.96634,-0.582698,4.66099,2.9287,-0.488265,4.27244,2.90849,-0.582566,4.44622,2.8896,-0.648645,4.60857,2.92553,-0.574504,4.64827,2.99873],
    "uvs":[],