{
    "normals":[-0.839137,-0.26194,0.476638,-0.378979,-0.88113,0.282754,-0.170721,-0.894314,0.413495,-0.437483,-0.407514,0.801569,-0.61745,0.033845,-0.785852,-0.834498,-0.541948,-0.099429,-0.932707,0.358959,0.03412,-0.492416,0.690512,-0.529771,-0.256874,0.921934,-0.289834,-0.626362,0.775597,0.077883,-0.020569,-0.99234,-0.121647,-0.700339,0.543657,0.462508,-0.417646,0.895871,0.151524,-0.008667,0.312632,0.949828,-0.450484,0.371807,0.81164,-0.089053,-0.507797,0.856838,-0.675619,0.203619,0.708548,-0.337077,0.872921,0.35258,-0.178899,0.983856,-0.001984,0.170721,0.894314,-0.413526,0.378979,0.88113,-0.282754,0.839137,0.26194,-0.476638,0.437483,0.407483,-0.801569,-0.173742,0.818079,0.548204,0.61745,-0.033845,0.785852,0.50914,0.718223,0.474197,0.020569,0.99234,0.121647,0.834498,0.541948,0.099429,0.492416,-0.690512,0.529771,0.626362,-0.775597,-0.077883,0.932707,-0.358959,-0.03412,0.256874,-0.921934,0.289834,0.417646,-0.895871,-0.151524,0.700339,-0.543657,-0.462508,0.675619,-0.203619,-0.708548,0.450484,-0.371776,-0.81164,0.008667,-0.312632,-0.949828,0.089053,0.507797,-0.856838,0.337077,-0.872951,-0.35258,0.173742,-0.818079,-0.548204,0.178899,-0.983856,0.001984,-0.509171,-0.718223,-0.474197,-0.837947,-0.536637,-0.09891,-0.045289,-0.990051,-0.133183,-0.390728,-0.874935,0.285958,-0.844081,-0.249428,0.474593,0.294656,-0.923215,-0.246559,0.01767,-0.976531,0.214576,-0.357341,-0.57622,0.735008,-0.668538,0.185156,0.720237,-0.337077,0.872951,0.35258,-0.461623,0.349742,0.81518,0.844203,0.259011,-0.469253,0.25898,-0.923521,0.282846,-0.010956,0.308573,0.951109,0.390423,-0.913511,-0.114261,-0.094455,-0.515091,0.851894,0.623249,-0.03354,0.781274,0.509171,0.718223,0.474227,0.860134,0.502487,0.087374,0.857204,-0.513047,-0.043825,0.697562,-0.5562,-0.451674,0.451582,-0.392163,-0.801386,0.089053,0.507767,-0.856838,0.185583,-0.818079,-0.544328,-0.510819,-0.714499,-0.478042,0.48854,-0.690939,0.532792],
    "name":"Sphere.014Geometry.1",
    "metadata":{
        "normals":67,
        "materials":1,
        "colors":0,
        "version":3,
        "generator":"io_three",
        "type":"Geometry",
        "vertices":82,
        "uvs":0,
        "faces":149
    },
    "materials":[{
        "shading":"phong",
        "colorEmissive":[0,0,0],
        "vertexColors":false,
        "colorSpecular":[0.5,0.5,0.5],
        "doubleSided":true,
        "wireframe":false,
        "DbgColor":15658734,
        "visible":true,
        "colorDiffuse":[0.609017,0.353452,0.144174],
        "DbgIndex":0,
        "opacity":1,
        "blending":"NormalBlending",
        "transparent":false,
        "depthTest":true,
        "specularCoef":50,
        "depthWrite":true,
        "DbgName":"SkinColor"
    }],
    "colors":[],
    "vertices":[-0.586516,4.95151,-1.76701,-0.4664,4.8599,-1.65027,-0.571541,4.78576,-1.69921,-0.625089,4.84484,-1.82044,-0.625508,4.81836,-1.75153,-0.452579,4.7041,-1.6407,-0.589328,4.69825,-1.80297,-0.527779,4.6439,-1.70964,-0.53876,4.70402,-1.85164,-0.46483,4.55394,-1.73605,-0.386548,4.56975,-1.84151,-0.390597,4.49987,-1.78346,-0.31444,4.56019,-1.62349,-0.332546,4.46607,-1.69991,-0.347897,4.70711,-1.60753,-0.228688,4.43259,-1.75671,-0.212908,4.46507,-1.63727,-0.206424,4.52099,-1.809,-0.109194,4.45121,-1.74176,-0.166917,4.41475,-1.67586,-0.07789,4.47598,-1.63766,-0.086309,4.42938,-1.69226,-0.047316,4.56253,-1.70774,-0.047735,4.53606,-1.63883,-0.198444,4.58837,-1.59392,-0.101283,4.59513,-1.76006,-0.083497,4.68265,-1.6563,-0.134064,4.67688,-1.60763,-0.145047,4.737,-1.74963,-0.220245,4.6768,-1.81857,-0.207995,4.82696,-1.72322,-0.34028,4.91483,-1.75935,-0.358384,4.82071,-1.83578,-0.282226,4.88103,-1.6758,-0.286277,4.81114,-1.61776,-0.459918,4.91582,-1.822,-0.444136,4.94831,-1.70256,-0.505908,4.96615,-1.78341,-0.324916,4.67379,-1.85173,-0.474379,4.79252,-1.86535,-0.594936,4.90492,-1.8216,-0.56363,4.92969,-1.7175,-0.685701,4.77376,-1.79316,-0.565585,4.68215,-1.67642,-0.670727,4.60801,-1.72536,-0.724274,4.66709,-1.84659,-0.58581,4.6221,-1.8903,-0.724693,4.64062,-1.77768,-0.551764,4.52635,-1.66685,-0.688513,4.5205,-1.82912,-0.626965,4.46615,-1.73579,-0.637945,4.52627,-1.87779,-0.564013,4.37618,-1.7622,-0.464832,4.44009,-1.87893,-0.413624,4.38244,-1.64964,-0.485992,4.33006,-1.82781,-0.431733,4.28832,-1.72606,-0.447085,4.52936,-1.63368,-0.327873,4.25484,-1.78286,-0.312092,4.28732,-1.66342,-0.305609,4.34324,-1.83515,-0.208379,4.27346,-1.76791,-0.266101,4.237,-1.70201,-0.177075,4.29823,-1.66382,-0.185494,4.25163,-1.71841,-0.14692,4.35831,-1.66498,-0.297626,4.41062,-1.62007,-0.157668,4.38963,-1.75511,-0.334115,4.49466,-1.85225,-0.182681,4.5049,-1.68245,-0.233249,4.49913,-1.63378,-0.244232,4.55924,-1.77578,-0.30718,4.64921,-1.74937,-0.439464,4.73708,-1.78551,-0.44549,4.59376,-1.87507,-0.381412,4.70327,-1.70196,-0.385462,4.63339,-1.64391,-0.559102,4.73808,-1.84815,-0.543322,4.77056,-1.72871,-0.605093,4.7884,-1.80956,-0.69412,4.72717,-1.84775,-0.662815,4.75193,-1.74365],
    "uvs":[],