{
    "normals":[-0.220222,-0.326853,0.919034,-0.401715,-0.762963,0.506424,0.13187,-0.922178,0.363536,-0.099857,-0.246132,0.964049,0.010163,-0.275887,-0.961119,0.278115,-0.117283,-0.953337,0.363445,-0.678487,-0.638356,0.246071,-0.452284,0.857234,0.536119,-0.220252,-0.814875,0.547594,-0.823145,0.149998,0.739372,-0.561235,-0.371868,0.72161,-0.540422,0.432661,0.939695,-0.335459,0.066317,0.448103,-0.122196,0.885556,0.929991,-0.01767,-0.367107,0.760338,0.312845,0.56914,0.464217,0.014435,-0.885586,0.786309,0.42436,-0.448958,0.220222,0.326853,-0.919034,0.401715,0.762963,-0.506424,-0.010193,0.275887,0.961119,0.010254,-0.058962,0.998199,0.289407,0.851527,0.437147,-0.13187,0.922178,-0.363536,-0.363445,0.678487,0.638356,-0.278085,0.117283,0.953337,-0.246071,0.452284,-0.857234,-0.547594,0.823145,-0.149998,-0.536119,0.220283,0.814875,-0.739372,0.561266,0.371868,-0.72161,0.540422,-0.432661,-0.939695,0.335459,-0.066317,-0.464217,-0.014435,0.885586,-0.448103,0.122227,-0.885556,-0.929991,0.01767,0.367107,0.099857,0.246132,-0.964049,-0.010254,0.058962,-0.998199,-0.760369,-0.312845,-0.56914,-0.289407,-0.851497,-0.437178,-0.786309,-0.42436,0.448958,-0.099826,-0.246132,0.964049,0.010193,-0.275887,-0.961119,0.547594,-0.823176,0.149998,0.739372,-0.561266,-0.371838,0.72161,-0.540391,0.432691,0.939695,-0.33549,0.066317,0.448103,-0.122227,0.885556,0.760369,0.312876,0.56914,0.464217,0.014405,-0.885586,0.289407,0.851527,0.437178,-0.278115,0.117283,0.953337,-0.448103,0.122196,-0.885556,-0.929991,0.01767,0.367138,-0.760369,-0.312876,-0.56914],
    "name":"Sphere.009Geometry",
    "metadata":{
        "normals":54,
        "materials":1,
        "colors":0,
        "version":3,
        "generator":"io_three",
        "type":"Geometry",
        "vertices":80,
        "uvs":0,
        "faces":152
    },
    "materials":[{
        "shading":"phong",
        "colorEmissive":[0,0,0],
        "vertexColors":false,
        "colorSpecular":[0.5,0.5,0.5],
        "doubleSided":true,
        "wireframe":false,
        "DbgColor":15658734,
        "visible":true,
        "colorDiffuse":[0.609017,0.353452,0.144174],
        "DbgIndex":0,
        "opacity":1,
        "blending":"NormalBlending",
        "transparent":false,
        "depthTest":true,
        "specularCoef":50,
        "depthWrite":true,
        "DbgName":"SkinColor"
    }],
    "colors":[],
    "vertices":[-0.277627,2.47068,1.75693,-0.22045,2.51248,1.84123,-0.129776,2.3973,1.75749,0.015276,2.39149,1.82323,0.009673,2.49919,2.00159,-0.074572,2.46198,1.79534,0.21629,2.32116,2.03266,0.146525,2.44481,2.03006,0.095203,2.28863,1.97875,0.172578,2.39707,1.97774,0.317503,2.32017,2.20939,0.210119,2.42777,2.23315,0.327543,2.34034,2.3027,0.311559,2.33628,2.42871,0.272898,2.25073,2.28221,0.150988,2.42592,2.38543,0.316052,2.27388,2.41718,0.233482,2.3364,2.50013,0.22784,2.28707,2.51243,0.128341,2.23422,2.25522,0.170662,2.24527,2.42814,0.079989,2.36046,2.51187,-0.059461,2.25857,2.26778,-0.065064,2.36627,2.44614,0.024784,2.29577,2.47402,-0.266077,2.43659,2.2367,-0.144991,2.46913,2.29061,-0.222366,2.36068,2.29162,-0.196317,2.31295,2.23931,-0.367292,2.43759,2.05997,-0.259912,2.32999,2.03622,-0.178129,2.52353,2.01414,-0.37733,2.41741,1.96666,0.003209,2.4763,2.27705,-0.322686,2.50703,1.98715,-0.36584,2.48387,1.85218,-0.361347,2.42147,1.84066,-0.28327,2.42136,1.76923,-0.200776,2.33184,1.88394,-0.052996,2.28145,1.99231,-0.010232,2.45728,1.66226,0.046946,2.49907,1.74656,0.137619,2.38389,1.66282,0.28267,2.37808,1.72856,0.277069,2.48578,1.90692,0.192822,2.44858,1.70067,0.483684,2.30775,1.93799,0.413921,2.4314,1.93539,0.362598,2.27522,1.88408,0.439978,2.38366,1.88307,0.584896,2.30676,2.11472,0.477517,2.41436,2.13848,0.594938,2.32694,2.20804,0.578954,2.32288,2.33404,0.540293,2.23732,2.18755,0.418383,2.41251,2.29076,0.583447,2.26047,2.32252,0.500878,2.32299,2.40547,0.495235,2.27366,2.41777,0.395736,2.22081,2.16056,0.438057,2.23187,2.33347,0.347383,2.34705,2.41721,0.207933,2.24516,2.17311,0.202331,2.35286,2.35147,0.29218,2.28236,2.37935,0.001317,2.42319,2.14204,0.122404,2.45572,2.19595,0.045029,2.34727,2.19696,0.07108,2.29954,2.14464,-0.099897,2.42418,1.9653,0.007486,2.31658,1.94155,0.089267,2.51013,1.91947,-0.109935,2.404,1.872,0.270603,2.46289,2.18238,-0.055291,2.49362,1.89248,-0.098445,2.47047,1.75751,-0.093951,2.40806,1.74599,-0.015873,2.40795,1.67456,0.066622,2.31843,1.78927,0.214404,2.26805,1.89765],
    "uvs":[],
    "faces":[34,38,37,2,0,0,1,2,34,39,38,2,0,3,0,2,34,1,4,5,0,4,5,6,34,39,2,8,0,3,2,7,34,4,7,5,0,5,8,6,34,3,5,9,0,9,6,10,34,8,3,6,0,7,9,11,34,9,10,6,0,10,12,11,34,6,10,14,0,11,12,13,34,10,7,12,0,12,8,14,34,10,16,14,0,12,15,13,34,12,11,13,0,14,16,17,34,12,13,16,0,14,17,15,34,13,11,15,0,17,16,18,34,13,15,17,0,17,18,19,34,14,20,19,0,13,20,21,34,13,17,18,0,17,19,22,34,13,18,16,0,17,22,15,34,20,16,18,0,20,15,22,34,17,21,18,0,19,23,22,34,18,21,24,0,22,23,24,34,20,18,24,0,20,22,24,34,19,20,22,0,21,20,25,34,21,26,23,0,23,26,27,34,21,23,24,0,23,27,24,34,28,24,27,0,28,24,29,34,23,25,27,0,27,30,29,34,27,29,28,0,29,31,28,34,28,30,22,0,28,32,25,34,25,26,34,0,30,26,33,34,28,32,30,0,28,34,32,34,26,33,31,0,26,35,36,34,22,30,38,0,25,32,0,34,34,26,31,0,33,26,36,34,22,38,39,0,25,0,3,34,32,29,35,0,34,31,37,34,35,34,1,0,37,33,4,34,31,33,4,0,36,35,5,34,39,19,22,0,3,21,25,34,2,37,0,0,2,1,38,34,2,0,5,0,2,38,6,34,0,1,5,0,38,4,6,34,1,31,4,0,4,36,5,34,8,2,3,0,7,2,9,34,3,2,5,0,9,2,6,34,5,7,9,0,6,8,10,34,6,3,9,0,11,9,10,34,11,7,4,0,16,8,5,34,10,9,7,0,12,10,8,34,39,8,19,0,3,7,21,34,12,7,11,0,14,8,16,34,8,6,14,0,7,11,13,34,15,4,33,0,18,5,35,34,8,14,19,0,7,13,21,34,11,4,15,0,16,5,18,34,10,12,16,0,12,14,15,34,14,16,20,0,13,15,20,34,17,15,21,0,19,18,23,34,15,33,21,0,18,35,23,34,22,20,24,0,25,20,24,34,21,33,26,0,23,35,26,34,28,22,24,0,28,25,24,34,24,23,27,0,24,27,29,34,23,26,25,0,27,26,30,34,29,27,25,0,31,29,30,34,28,29,32,0,28,31,34,34,29,25,34,0,31,30,33,34,30,32,36,0,32,34,39,34,35,29,34,0,37,31,33,34,30,36,38,0,32,39,0,34,36,32,35,0,39,34,37,34,0,36,35,0,38,39,37,34,37,36,0,0,1,39,38,34,1,34,31,0,4,33,36,34,38,36,37,0,0,39,1,34,35,1,0,0,37,4,38,34,78,77,42,0,0,1,2,34,79,78,42,0,40,0,2,34,41,44,45,0,41,5,6,34,79,42,48,0,40,2,7,34,44,47,45,0,5,8,6,34,43,45,49,0,42,6,43,34,48,43,46,0,7,42,44,34,49,50,46,0,43,45,44,34,46,50,54,0,44,45,46,34,50,47,52,0,45,8,14,34,50,56,54,0,45,47,46,34,52,51,53,0,14,48,17,34,52,53,56,0,14,17,47,34,53,51,55,0,17,48,18,34,53,55,57,0,17,18,19,34,54,60,59,0,46,20,21,34,53,57,58,0,17,19,49,34,53,58,56,0,17,49,47,34,60,56,58,0,20,47,49,34,57,61,58,0,19,23,49,34,58,61,64,0,49,23,24,34,60,58,64,0,20,49,24,34,59,60,62,0,21,20,50,34,61,66,63,0,23,26,27,34,61,63,64,0,23,27,24,34,68,64,67,0,28,24,29,34,63,65,67,0,27,30,29,34,67,69,68,0,29,31,28,34,68,70,62,0,28,32,50,34,65,66,74,0,30,26,51,34,68,72,70,0,28,52,32,34,66,73,71,0,26,35,36,34,62,70,78,0,50,32,0,34,74,66,71,0,51,26,36,34,62,78,79,0,50,0,40,34,72,69,75,0,52,31,53,34,75,74,41,0,53,51,41,34,71,73,44,0,36,35,5,34,79,59,62,0,40,21,50,34,42,77,40,0,2,1,38,34,42,40,45,0,2,38,6,34,40,41,45,0,38,41,6,34,41,71,44,0,41,36,5,34,48,42,43,0,7,2,42,34,43,42,45,0,42,2,6,34,45,47,49,0,6,8,43,34,46,43,49,0,44,42,43,34,51,47,44,0,48,8,5,34,50,49,47,0,45,43,8,34,79,48,59,0,40,7,21,34,52,47,51,0,14,8,48,34,48,46,54,0,7,44,46,34,55,44,73,0,18,5,35,34,48,54,59,0,7,46,21,34,51,44,55,0,48,5,18,34,50,52,56,0,45,14,47,34,54,56,60,0,46,47,20,34,57,55,61,0,19,18,23,34,55,73,61,0,18,35,23,34,62,60,64,0,50,20,24,34,61,73,66,0,23,35,26,34,68,62,64,0,28,50,24,34,64,63,67,0,24,27,29,34,63,66,65,0,27,26,30,34,69,67,65,0,31,29,30,34,68,69,72,0,28,31,52,34,69,65,74,0,31,30,51,34,70,72,76,0,32,52,39,34,75,69,74,0,53,31,51,34,70,76,78,0,32,39,0,34,76,72,75,0,39,52,53,34,40,76,75,0,38,39,53,34,77,76,40,0,1,39,38,34,41,74,71,0,41,51,36,34,78,76,77,0,0,39,1,34,75,41,40,0,53,41,38]
}